accuracy,loss,val_accuracy,val_loss
0.248653843998909,2.8851687908172607,0.22756409645080566,2.749274969100952
0.6307692527770996,1.475372314453125,0.3044871687889099,3.3086512088775635
0.7357692122459412,0.9734152555465698,0.35737180709838867,3.76674485206604
0.7789615392684937,0.7873557806015015,0.33974358439445496,4.219481468200684
0.8011153936386108,0.7014465928077698,0.3589743673801422,4.224854946136475
0.813653826713562,0.652133047580719,0.37339743971824646,4.461094379425049
0.8215768933296204,0.6196311116218567,0.37660256028175354,4.644093990325928
0.8300769329071045,0.5950217843055725,0.38461539149284363,4.846146106719971
0.836884617805481,0.5747827887535095,0.3717948794364929,5.122623443603516
