accuracy,loss,val_accuracy,val_loss
0.04007692262530327,6.617990016937256,0.03846153989434242,3.2731189727783203
0.039538461714982986,3.2730343341827393,0.03846153989434242,3.940825939178467
0.036192309111356735,3.27415132522583,0.036858975887298584,4.268008232116699
0.039615385234355927,3.2731435298919678,0.03846153989434242,4.28873872756958
0.03515384718775749,3.2734150886535645,0.03846153989434242,4.280993938446045
0.039000000804662704,3.2730627059936523,0.03846153989434242,4.282881259918213
0.03642307594418526,3.2738184928894043,0.03846153989434242,4.284552574157715
0.04076923057436943,3.274381637573242,0.03846153989434242,4.285435676574707
0.04092307761311531,3.2748451232910156,0.03846153989434242,4.286965370178223
