accuracy,loss,val_accuracy,val_loss
0.19980768859386444,3.0221099853515625,0.28044870495796204,2.5972468852996826
0.6042307615280151,1.625098466873169,0.375,2.6075518131256104
0.7240769267082214,1.0323647260665894,0.39423078298568726,3.0777862071990967
0.7668076753616333,0.828253984451294,0.3782051205635071,3.5147979259490967
0.7899230718612671,0.7366530895233154,0.38942307233810425,3.7395107746124268
0.8035769462585449,0.6861240267753601,0.38461539149284363,3.9715335369110107
0.8134230971336365,0.6529747247695923,0.38461539149284363,4.233509063720703
0.819115400314331,0.6268792152404785,0.39262819290161133,4.20689058303833
0.8241538405418396,0.6083356738090515,0.39743590354919434,4.291169166564941
