accuracy,loss,val_accuracy,val_loss
0.03515384718775749,3.2585010528564453,0.03846153989434242,3.258000135421753
0.036269232630729675,3.2583558559417725,0.03846153989434242,3.2580528259277344
0.03457692265510559,3.258395195007324,0.03846153989434242,3.258087158203125
0.035384614020586014,3.2583651542663574,0.03846153989434242,3.258054256439209
0.035999998450279236,3.258370876312256,0.03846153989434242,3.2581095695495605
0.03384615480899811,3.258349657058716,0.03846153989434242,3.2581028938293457
0.0364999994635582,3.2583682537078857,0.03846153989434242,3.258052349090576
0.035999998450279236,3.2583601474761963,0.03846153989434242,3.258096218109131
0.03496154025197029,3.2583796977996826,0.03846153989434242,3.258094072341919
