epoch,accuracy,loss,val_accuracy,val_loss
0,0.13546153903007507,3.247983694076538,0.14262820780277252,3.239180326461792
1,0.28415384888648987,3.1588516235351562,0.14903846383094788,3.1282174587249756
