epoch,accuracy,loss,val_accuracy,val_loss
0,0.11607692390680313,3.2480146884918213,0.1666666716337204,3.2414422035217285
