accuracy,loss,val_accuracy,val_loss
0.15684615075588226,3.1245310306549072,0.27243590354919434,2.7300076484680176
0.588769257068634,1.7421857118606567,0.4086538553237915,2.148737907409668
0.7113077044487,1.0431772470474243,0.4038461446762085,2.4694604873657227
0.7546153664588928,0.8498836755752563,0.3910256326198578,2.7384214401245117
0.7782307863235474,0.7631394267082214,0.37339743971824646,2.9923830032348633
0.7930769324302673,0.7104572653770447,0.3589743673801422,3.2141518592834473
0.8031923174858093,0.6765214800834656,0.3669871687889099,3.3289954662323
