accuracy,loss,val_accuracy,val_loss
0.12780769169330597,3.2495195865631104,0.07211538404226303,3.24229097366333
0.1940000057220459,3.174821138381958,0.12660256028175354,3.1576991081237793
0.22807691991329193,2.9030215740203857,0.14743590354919434,3.0260822772979736
0.28873077034950256,2.57912278175354,0.15544871985912323,2.9769296646118164
0.35157692432403564,2.353374481201172,0.18269230425357819,2.987643003463745
0.3891153931617737,2.2030282020568848,0.17788460850715637,3.050084114074707
0.41215384006500244,2.091871500015259,0.18589743971824646,3.0594401359558105
0.43815383315086365,2.0011584758758545,0.19871795177459717,3.097404718399048
0.4566538333892822,1.9243803024291992,0.19871795177459717,3.1520934104919434
