epoch,accuracy,loss,val_accuracy,val_loss
0,0.14703845977783203,3.2419393062591553,0.11057692021131516,3.1916511058807373
