accuracy,loss,val_accuracy,val_loss
0.04292307794094086,3.2615468502044678,0.036858975887298584,3.2588417530059814
0.04446153715252876,3.258518934249878,0.03044871799647808,3.2746994495391846
0.04657692462205887,3.2555370330810547,0.028846153989434242,3.279372453689575
0.048269230872392654,3.2527923583984375,0.028846153989434242,3.2776710987091064
0.05023076757788658,3.2499442100524902,0.028846153989434242,3.2759106159210205
0.05242307856678963,3.247380495071411,0.028846153989434242,3.2741646766662598
0.05400000140070915,3.244737386703491,0.03044871799647808,3.272517442703247
0.0563846156001091,3.242067337036133,0.03044871799647808,3.2707722187042236
0.05919230729341507,3.239468574523926,0.03205128386616707,3.269085645675659
