accuracy,loss,val_accuracy,val_loss
0.22388461232185364,2.969892740249634,0.19070513546466827,2.6868748664855957
0.5899615287780762,1.6721906661987305,0.32692307233810425,2.991562843322754
0.7078461647033691,1.112650990486145,0.3076923191547394,3.7067246437072754
0.7515384554862976,0.8935142159461975,0.3461538553237915,3.9513092041015625
0.7778846025466919,0.7847234606742859,0.36858972907066345,4.103419780731201
0.7946922779083252,0.722412645816803,0.36057692766189575,4.4760260581970215
0.8047692179679871,0.6814070343971252,0.38461539149284363,4.4399638175964355
0.8154230713844299,0.6491298079490662,0.38461539149284363,4.5753583908081055
0.8228076696395874,0.6255499124526978,0.37339743971824646,4.928584098815918
