accuracy,loss,val_accuracy,val_loss
0.03696153685450554,3.2598843574523926,0.03044871799647808,3.258129119873047
0.038692306727170944,3.256282091140747,0.016025641933083534,3.2671356201171875
0.04057692363858223,3.2526254653930664,0.016025641933083534,3.2716877460479736
0.04365384578704834,3.2490015029907227,0.014423076994717121,3.2699007987976074
0.04642307758331299,3.2453036308288574,0.012820512987673283,3.2681453227996826
0.04953846335411072,3.2417850494384766,0.011217948980629444,3.2664074897766113
0.05292307585477829,3.238234519958496,0.012820512987673283,3.2646358013153076
0.05603846162557602,3.2345027923583984,0.012820512987673283,3.2628867626190186
0.05980769172310829,3.231189250946045,0.014423076994717121,3.261152982711792
