epoch,accuracy,loss,val_accuracy,val_loss
0,0.19007691740989685,3.0903635025024414,0.1666666716337204,3.2394678592681885
